Sold,,,,,,,,,,,
Address,Total $ Invested,Sales Price,Gross Profit,Sale Date,Size (Single/Double),Year Built,Must Move (Yes/No),Bedrooms/Bathrooms,Windzone 1 or 2,Move in ready?,Rating
316 Winter Dr,"$20,500","$15,500","-$5,250",1/7/22,Single,,No,,,,
649 Campbell Rd.,"$15,000","$23,000","$8,000",1/7/22,,,,,,,
127 Wilkinson Rd.,"$26,000","$35,000","$7,500",1/25/22,,,,,,,
128 Sudbury ,"$13,000","$28,000","$15,000",2/4/22,,,,,,,
212 George Keen ,"$29,188","$34,000","$4,412",2/12/22,Double,,Yes,,,,
305 Hopewell Dr.,"$22,000","$40,000","$18,000",2/18/22,,,,,,,
166 Bayboro,"$31,000","$55,000","$24,000",2/25/22,,,No,,,,
126 Sequoia,"$16,000","$48,000","$32,000",3/25/22,,,,,,,
255 Sweatman Dr,"$21,000","$35,800","$7,400",4/15/22,,,,,,,
268 Washington Town Rd,"$2,900","$16,000","$13,100",4/21/22,,,,,,,
134 Barton Dr,"$17,008","$32,000","$14,992",5/2/22,,,,,,,
451 Gospel Hill Rd.,"$18,000","$22,000","$4,000",5/24/22,,,,,,,
514 Labeau Pl,"$3,150","$5,000","$1,850",6/9/22,,,,,,,
231 Jacquelyn Ct,"$34,946","$45,000","$10,054",6/14/22,,,,,,,
7941 Morris Bing Rd,"$3,000","$18,000","$15,000",6/23/22,,,,,,,
111 Lazy Way rd,"$4,845","$5,000",-$545,7/25/22,,,,,,,
1086 Old Pee Dee Rd.,"$37,084","$50,000","$12,916",7/29/22,,,,,,,
827 Oakley Rd.,"$17,325","$34,000","$16,675",8/2/22,,,,,,,
1380 Lieben Rd. ,$175,"$5,000","$4,825",8/12/22,,,,,,,
429 Richardson St. ,"$9,000","$15,000","$6,000",8/17/22,,,,,,,
303 Sweatman Dr.,"$17,660","$33,000","$15,340",8/22/22,,,,,,,
1598 Grimball Ext.,"$7,850","$14,000","$6,150",8/22/22,,,,,,,
201 Scotch Range Rd. ,"$32,940","$50,000","$17,060",9/2/22,,,,,,,
119 Iberia Ct. Holly Hilly,"$2,200","$8,500","$6,300",10/4/22,,,,,,,
410 Sugar Hill Rd. ,"$17,668","$16,000","-1,668",10/4/22,,,,,,,
7240 Heatley Rd. ,"$13,400","$25,000","$11,600",10/7/22,,,,,,,
131 Omega Pt. Ridgeville,"$35,000","$51,000","$16,000",10/14/22,,,,,,,
10132 S Fraser St.,"$40,000","$65,000","$25,000",10/26/22,,,,,,,
234 Miami St. Lot 127,"$29,900","$45,000","$15,100",11/8/22,,,,,,,
112 Tunita St. Eutawville,"$4,754",$0,"-$4,754",12/15/22,,,,,,,
1215 Ridge Rd. Ridgeville,"$2,500","$7,500","$5,000",12/16/22,,,,,,,
111 Bragg Rd. Norway,"$3,500","$3,500",$0,12/22/22,,,,,,,
361 Natures Trl. Ridgeville,"$20,280","$26,500","$6,220",1/12/2023,,,,,,,
232 Kimmey Rd. Gaston ,"$40,373","$51,000","$10,627",1/20/2023,,,,,,,
"1985 Bacons Bridge Lot 126, Summerville ","$22,000","$37,500","$15,500",1/27/2023,,,,,,,
680 Red Root Rd. Ruffin,"$15,200","$23,000","$7,000",2/17/2023,,,,,,,
121 Peach Cider Rd. Batesburg,"$12,500","$26,500","$11,200",2/23/23,,,,,,,
105 Wineglass Ln. Moco,"$41,179","$65,000","$22,821",3/7/2023,,,,,,,
1363 Leisure Dr. Summerville,"$26,000","$35,000","$9,000",3/13/2023,,,,,,,
550 Birchwood Dr. Moncks Corner,"$4,500","$11,500","$6,500",3/22/2023,,,,,,,
1976 Wild Wing Way Folly,"$19,000","$41,500","$20,600",3/27/2023,,,,,,,
112 Bayboro Circle,"$2,500","$5,500","$3,000",3/30/2023,,,,,,,
"353 Natures Trl. Ridgeville, SC","$25,500","$32,000","$5,500",4/17/2023,,,,,,,
1273 Dehayville Dr. Pinopolis,"$3,000","$18,000","$15,000",5/15/2023,,,,,,,
4850 Storage Rd. Hollywood,"$10,150","$19,000","$7,500",5/24/2023,,,,,,,
6821 Limehouse Rd. Awendaw,"$3,000","$8,250","$5,250",5/25/2023,Single,1985,Yes,2/2,2,,
178 Stratton Dr. North Chas,"$17,950","$23,250","$5,300",5/25/2023,Double,2000,Yes,4/2,2,,
336 Bish Ln. Walterboro,"$40,000","$52,000","$12,000",5/31/2023,Double,2014,Yes,3/2,2,,
299 Racetrack Rd. Elloree,"$5,500","$17,500","$12,000",6/15/2023,Double,1998,Yes,4/2,2,,
422 Brantany Ct. Moco,"$4,043","$8,800","$4,757",6/26/2023,Single,1991,Yes,3/2,2,,
875 Bunch Ford Rd. Holly Hill,"$7,500","$18,000","$10,500",6/30/23 & 7/26/23,Double,1991,Yes,3/2,2,,
135 Gains Mill Dr. - Windgate,"$15,093","$26,500","$11,407",7/26/2023,SIngle,2000,No,3/2,2,,
127 Willow Creek Circle - Williston,"$6,500","$21,000","$12,500",7/29/2023,Single,1998,Yes,3/2,,,
2076 N Main St. Lot 38,"$8,290","$16,000","$7,250",8/7/2023,Single,1997,No,3/2,2,,
Porcher School Rd.,"$7,000","$7,000",$0,8/10/2023,Double,1990,Yes,3/2,2,,
234 Miami St. Lot 96,"$10,242","$23,000","$12,758",8/25/2023,Single,1996,No,2/2,2,,
2900 N Oakridge Lot 96,"$13,250","$28,000","$11,750",9/1/2023,Single,1999,No,3/2,2,,
240 Confederate Dr. Summerville,"$41,159","$65,000","$23,841.00",9/20/2023,Double,2008,No,3/2,2,,
1383 Country Colony Dr. Orangeburg,"$13,060","$23,500","$10,440",9/22/2023,Double,1991,Yes,3/2,2,,
273 Fort Johnson Dr. Summerville,"$33,544","$50,000","$16,456",9/22/2023,Single,2012,No,3/2,2,,
"119 Bowman St. Harleyville, SC 29488","$5,171","$13,000","$5,000",10/14/2023,Single,1999,Yes,3/2,2,,
"273 Snooks Ct. Georgetown, SC 29448","$11,000","$21,000","$10,000",10/19/2023,Double,2003,Yes,3/2,2,,
Creekside Lot 95 ,"$10,380","$20,500","$10,120",11/1/2023,Single,1999,No,3/2,2,,
211 Winter St Eutawville SC,"$26,500","$44,000","$17,500",11/2/2023,Double,2000,Yes,4/2,2,,
"302 J B Fulmer Ct. Newberry, SC","$4,933","$9,250","$2,318",11/14/2023,Single,2000,Yes,3/2,1,,
"1093 Hollow Creek Rd. Salley, SC","$17,500","$28,000","$5,250",11/14/2023,Single,1997,Yes,3/2,2,,
234 Miami St. Lot 115,"$34,257","$49,000","$14,000",11/22/2023,Single,2015,No,3/2,2,,
"312 Chelsea Jeanne Way Ladson, SC","$27,200","$34,000","$6,800",12/4/2023,Single,1999,No,3/2,2,,
"203 Vicksburg Dr. Summerville, SC","$47,710","$65,000","$17,290",12/11/2023,Double,2005,No,4/2,2,,
1110 Tamassee Ct. Saint Stephens,"$6,150","$11,000","$4,850",12/15/2023,Single,1998,Yes,3/2,2,,
2859 Cane Slash Rd. Johns Island,"$15,000","$28,000","$13,000",12/30/2023,Double,2002,Yes,4/2,2,,
"153 St Clair Rd. Ridgeville, SC 29472","$17,500","$30,000","$12,500",1/5/2024,Single,1998,Yes,2/2,2,,
"1048 Seaboard Rd. Saint Stephens, SC","$7,500","$19,500","$12,000",1/20/2024,Single,1995,Yes,3/2,2,,
566 Birchwood Dr. Moncks Corner SC,"$30,500","$50,000","$19,500",1/28/2024,Single,2014,No,3/2,2,,
"2581 Rehoboth Rd. Cottageville, SC","$4,900","$15,000","$10,100",2/28/2024,Double,1993,Yes,3/2,2,,
"139 Oak Crest Dr. Moncks Corner, SC 29461","$16,500","$48,000","$31,500",3/1/2024,Double,1999,Yes,3/2,2,,
"308 Green Hills Dr. Gilbert, SC ","$4,000","$16,000","$12,000",3/28/2024,Single,1994,Yes,3/2,1,,
"254 Serendpity Ln. Ridgeville, SC 29472","$8,000","$25,000","$17,000",4/5/2024,Double,1996,Yes,3/2,2,,
160 Trell Ln. Orangeburg SC 29118,"$13,000","$29,000","$16,000",4/15/2024,Double,2000,Yes,5/2,2,,
"375 Winter Dr. Summerville, SC 29483","$17,800","$32,000","$14,200",5/6/2024,Single,1996,No,3/2,2,,
"626 Josie Ln. Wando, SC","$20,000","$35,000","$15,000",5/8/2024,Double,1995,Yes,3/2,2,,
"136 Lantana Ct, Santee SC","$10,600","$15,000","$4,400",5/10/2024,Double,1992,Yes,3/2,2,,
"1046 Hwy 78 Ridgeville, SC 29472","$23,000","$30,000","$7,000",5/14/2024,Single,1998,Yes,3/2,2,,
"1925 Old Hwy 52, Moncks Corner, SC 29461","$7,500","$20,000","$12,500",5/24/2024,Double,1992,Yes,3/2,2,,
"1569 7 Mile Rd. Harleyville, SC 29488","$13,000","$23,000","$10,000",5/30/2024,Single,1995,Yes,3/2,2,,
"134 Mills Rd. Lexington, SC 29072","$4,775","$15,000","$10,250",6/3/2024,Double,1995,Yes,3/2,1,,
"1046 Hwy 78 Ridgeville, SC 29472","$22,500","$30,000","$7,500",6/3/2024,Single,1998,Yes,3/2,2,,
"603 Bachelor Hill Rd. Walterboro, SC 29488","$8,850","$20,000","$11,150",6/13/2024,Double,1995,Yes,3/2,2,,
"1168 Church of God Rd. Bonneau, SC 29431","$11,000","$21,000","$10,000",6/20/2024,Double,1998,Yes,3/2,2,,
"101 Guyhudson Ln. Nesmith, SC","$16,000","$20,000","$4,000",6/20/2024,Double,,Yes,3/2,,,
"1303 Spring Hill Church Rd. Ridgeville, SC 29472","$18,000","$22,500","$4,500",7/3/2024,Double,1988,Yes,3/2,2,Yes,6/10
"5459 Two Notch Rd. Leesville, SC 29070","$12,500","$30,000","$17,500",7/12/2024,Single,2018,Yes,2/2,1,Yes,10/10
"781 Nancy's Place Ridgveville, SC 29472","$10,500","$26,000","$15,500",7/15/2024,Double,1996,Yes,3/2,2,Yes,6/10
"5925 Chisolm Rd. Johns Island, SC 29455","$18,000","$43,000","$25,000",7/15/2024,Double,2005,Yes,3/2,2,Yes,9/10
"631 Old Forreston Rd. Greeleyville, SC","$7,000","$22,000","$15,000",7/30/2024,Double,2000,Yes,3/2,2,Yes,6/10
"52 Parasol Dr. Andrews, SC","$13,000","$33,000","$20,000",8/1/2024,Single,2017,Yes,3/2,2,Yes,9/10
1925 Bacons Bridge Rd. Lot 139,"$9,250","$25,000","$15,750",8/29/2024,Single,1999,No,3/2,2,Yes,7/10
"111 Elliot Ln. St George, SC ","$34,000","$43,000","$9,000",8/30/2024,Double,2008,Yes,3/2,2,Yes,8/10
"1853 Oakdale Rd, New Zion SC","$4,000","$13,000","$9,000",9/20/2024,Single,1999,Yes,3/2,,Yes,6/10
"940 Hwy-15 S Saint George, SC 29477","$5,500","$18,000","$12,500",9/27/2024,Double,1998,Yes,3/2,2,No,4/10
"749 Royle Rd. Ladson, SC 29456","$13,000","$20,000","$7,000",9/30/2024,Single,1996,Yes,3/2,2,Yes,6/10
133 Summer Duck Ln. Bonneau SC ,"$3,500","$13,500","$10,000",10/1/2024,Double,2000,Yes,3/2,2,No,5/10
"203 Cold Harbor Circle, Summerville, SC 29486","$31,000","$43,000","$12,000",11/4/2024,Single,2017,No,3/2,2,yes,7/10
1424 Wolfe Creek Rd. Walterboro SC 29488,"$1,500","$13,500","$12,000",11/14/2024,Single,1998,Yes,3/2,2,No,5/10
"2744 Pinelog Ln. Johns Island, SC 29455","$41,500","$54,000","$12,500",11/26/2024,Double,1998,Yes,5/2,2,Yes,8/10
Creekside Lot 172,"$50,000","$48,000","-$2,000",1/24/2025,Double,2002,No,3/2,2,Yes,7/10
Creekside Lot 162,"$32,000","$36,000","$4,000",1/27/2025,Single,2012,Yes,3/2,2,Yes,7/10
"7649 Oakville Rd. Hollywood, SC 29449","$10,500","$23,500","$13,000",2/3/2025,Double,1995,Yes,3/2,2,Yes,6/10
220 Confederate Dr. Goose Creek SC 29486,"$9,500","$45,000","$35,500",2/11/2025,Double,2005,No,5/2,2,Yes,6/10
"1774 Geddings Rd. Manning, SC","$1,500","$6,000","$4,500",2/20/2025,Single,1990,Yes,3/2,2,Yes,5/10
"9 Dollie Circle, Summerville, SC 29485","$11,000","$33,500","$22,500",3/17/2025,Single,2005,No,3/2,2,Yes,8/10
2551 Midland Park Rd. Lot 105 North Charleston,"$10,365","$29,000","$18,635",4/8/2025,Single,2004,No,3/1,2,No,4/10
270 George Keen Dr. Summerville SC 29483,"$6,550","$13,000","$6,450",5/17/2025,Single,1993,No,3/2,2,No,5/10
2762 Burden Creek Rd. Johns Island SC,"$9,000","$42,000","$33,000",5/19/2025,Double,1992,Yes,3/2,2,Yes,6/10
"1324 Alt US-17 Hwy, Moncks Corner SC (Lot11)","$10,000","$12,800","$2,800",6/10/2025,Single,1989,Yes,3/2,2,Yes,7/10
"385 Old Fort Dr. Ladson, SC 29456","$14,000","$18,000","$4,000",6/19/2025,Double,2003,Yes,3/2,2,Yes,7/10
"1129 Longpoint Rd. Cross, SC 29436","$6,000","$16,000","$10,000",7/7/2025,Single,2001,Yes,3/2,2,No,5/10
"189 Burbank Rd. Cross, SC","$2,000","$8,000","$6,000",7/8/2025,Double,1985,Yes,3/1,2,Yes ,5/10
"244 Sedgewick Rd. Summerville, SC","$55,000","$55,000",$0,7/22/2025,Double,1997,No,4/2,2,Yes,8/10
116 Head Ln. Walterboro SC 29488,$800,"$6,000","$5,200",8/15/2025,Single,1998,Yes,3/2,2,No,4/10
4895 Filly Ct. North Charleston SC 29420,"$11,000","$24,000","$13,000",8/18/2025,Single,1997,No,3/2,2,Yes,6/10
8402 W Bluegrass Dr. North Charleston SC,"$37,000","$47,000","$10,000",9/2/2025,Double,1997,No,4/2,2,Yes,7/10
"268 Fort Johnson Rd. Summerville, SC 29483","$37,000","$50,000","$13,000",9/6/2025,Single,2014,No,3/2,2,Yes,10/10
"136 Wynette Ave, Taylors SC ","$1,500","$5,500","$4,000",9/16/2025,Single,2003,Yes,2/2,1,,
"110 Spinnaker Dr. Winnsboro, SC","$1,500","$7,500","$6,000",9/18/2025,Single,,,,1,,
"9401 Wilson Blvd. Lot 345 Columbia, SC","$9,750","$22,500","$12,750",10/2/2025,Double,2001,Yes,3/2,2,Yes,7/10
"1571 7 Mile Rd. Harleyville, SC 29448","$9,000","$11,500","$2,500",10/2/2025,Single,1988,Yes,2/2,2,Yes,7/10
"18B Somerset, Sumter","$1,500","$10,500","$9,000",10/6/2025,Single,1991,No,3/2,2,Yes,5/10
"311 Bluepoint St. Goose Creek, SC 29486","$11,000","$21,000","$10,000",10/17/2025,Single,1992,No,3/2,2,Yes,7/10
"1363 Counts Rd. Prosperity, SC 29127","$13,500","$29,000","$15,500",11/12/2025,Double,2015,Yes,3/2,1,No,5/10
"237 Mizzen Dr. Winnsboro, SC 29180","$3,500","$10,000","$6,500",11/18/2025,,,,,,,
"1879 Woodland Rd. Charleston, SC 29414","$23,775","$45,000","$21,225",12/5/2025,Double,2004,No,3/2,2,Yes,6/10
"348 Vicksburg Dr. Goose Creek, SC 29486","$28,700","$35,000","$6,300",12/11/2025,Single,1997,No,3/2,2,Yes,8/10
"710 Ivybush Trl, Camden, SC 29020","$4,125","$16,000","$11,875",12/15/2025,Double,1997,yes,4/2,2,,
"7251 SC-162 Hollywood, SC 29449","$5,000","$10,000","$5,000.00",1/5/2026,Single,2005,yes,3/2,2,Yes,6/10
"2041 Covey Ln. Charleston, SC 29414","$5,000","$10,000","$5,000.00",1/5/2026,Double,1990,yes,3/2,2,Yes,7/10
"918 Mars Old Field Ln. Cottageville, SC 29435","$12,500","$20,000","$7,500.00",1/20/2026,Double,1998,yes,2/2,2,Yes,6/10
"100 Flintlock Ave. Goose Creek, SC 29486","$61,000","$50,000","-$11,000.00",2/9/2026,Double,2005,No,3/2,2,yes,9/10
"103 Ruston Ln. Smoaks, SC 29481","$13,000","$20,500","$7,500.00",2/10/2026,Double,2000,Yes,3/2,2,yes,5/10
"9919 Hwy 78 Lot 182, Ladson, SC 29456","$11,900","$27,900","$16,000.00",2/11/2026,Single,2000,No,3/2,2,yes,8/10
"263 Bayboro Circle, Goose Creek, SC 29445","$21,000","$36,000","$15,000.00",2/23/2026,Single,2013,No,3/2,2,Yes,9/10
"1925 Bacons Bridge Rd. Lot 321, Summerville, SC 29485","$32,742","$54,000","$21,250.00",3/6/2026,Single,2017,No,3/2,2,yes,10/10
"1362 Trailmore Dr. Lot C, Charleston, SC 29407","$22,500","$45,500","$23,000.00",3/17/2026,Single,1993,No,3/2,2,Yes,8/10
"218 Power House Rd. Moncks Corner, SC 29461","$7,050","$13,500","$6,450.00",3/19/2026,Single,1998,Yes,3/2,2,No,5/10
"176 Albacore Rd. Bonneau, SC 29431","$20,550","$30,000","$9,450.00",4/1/2026,Double,1999,Yes,3/2,2,Yes,7/10
"1129 Joe Bryant Ct. Mount Pleasant, SC ","$8,000","$18,000","$10,000.00",4/24/2026,Double,1997,Yes,3/2,2,Yes,7/10
"808 Wesley Chapel Ave, Cottageville, SC 29435","$17,750","$28,500","$10,750.00",4/24/2026,Double,2002,Yes,3/2,2,Yes,6/10
"1470 Cooper Store Rd. Moncks Corner, SC 29461","$20,000","$37,500","$17,500.00",4/24/2026,Double,1999,Yes,3/2,2,Yes,8/10
"1004 Impala Dr. Hanahan, SC ","$4,500","$8,500","$4,000.00",4/24/2026,Single,2006,No,1/1,2,No,1/10
"336 Smoak Rd. Dorchester, SC 29437","$12,000","$20,000","$8,000.00",5/18/2026,Single,2002,Yes,3/2,2,Yes,7/10
"226 Yvonne Circle, Ladson, SC 29456","$11,500","$24,000","$12,500.00",6/20/2026,Single,1993,Yes,3/2,2,Yes,7/10
"1245 Black Tom Rd. Moncks Corner, SC 29461","$6,000","$16,000","$10,000.00",7/1/2026,Double,1990,Yes,4/2,2,Yes,7/10
"15 Elliot Dr, Yemassee, SC 29945","$11,000","$26,000","$15,000.00",7/22/2026,Double,1997,Yes,3/2,2,Yes,7/10
"1925 Bacons Bridge Rd. Lot 167, Summerville, SC 29485","$36,000","$45,000","$9,000.00",7/25/2026,Single,2012,No,3/2,2,Yes,8/10
"755 Kennedyville Rd. Kingstree, SC","$1,000","$3,000","$2,000.00",7/27/2026,Single,1995,Yes,3/2,2,No,4/10
"521 Sweet Bay Ln. Moncks Corner, SC 2961","$16,000","$18,000","$2,000.00",7/28/2026,Single,1990,Yes,3/2,2,Yes,7/10
"149 Cavalier Dr. Orangeburg, SC 29115","$9,000","$16,500","$7,000.00",7/31/2026,Double,2002,Yes,3/2,2,No,4/10